,"Culture serum(FBS=0,horse =1)","Stretching direction(Radial=0,Uniaxial=1)","Cyclic or static stretching(Cyclic=0,static=1)",Continuous(0) or intermittent(1),"Amplitude (%) (3%=0,8%-9%, 10%=1,15%=2,20%=3)",Effective stretching duration (h),Increased (1) or inhibited (0) differentiation
"Culture serum(FBS=0,horse =1)",1.0,-0.19364916731037085,0.1603567451474546,0.279715463892758,-0.4799744020478179,0.3467226586989351,0.05940885257860051
"Stretching direction(Radial=0,Uniaxial=1)",-0.19364916731037085,1.0,-0.3220305943597653,0.08333333333333334,-0.24785771543160837,0.07266181387452893,-0.02556549962824573
"Cyclic or static stretching(Cyclic=0,static=1)",0.1603567451474546,-0.3220305943597653,1.0,-0.3220305943597653,-0.35917995337692477,-0.2515806199901946,0.3704792868174742
Continuous(0) or intermittent(1),0.279715463892758,0.08333333333333334,-0.3220305943597653,1.0,-0.24785771543160817,0.8719417664943472,-0.5880064914496504
"Amplitude (%) (3%=0,8%-9%, 10%=1,15%=2,20%=3)",-0.4799744020478179,-0.24785771543160837,-0.35917995337692477,-0.24785771543160817,1.0,-0.2340645335330815,-0.27247407226415804
Effective stretching duration (h),0.3467226586989351,0.07266181387452893,-0.2515806199901946,0.8719417664943472,-0.2340645335330815,1.0,-0.5725142227620187
Increased (1) or inhibited (0) differentiation,0.05940885257860051,-0.02556549962824573,0.3704792868174742,-0.5880064914496504,-0.27247407226415804,-0.5725142227620187,1.0
